seed,category_main,reward,steps,crash,timeout,category_list
10285057,fuel_waste,28.486854856171334,98,1,0,crash|fuel_waste|early_crash|late_stage_fail
10299204,fuel_waste,52.91484831857102,118,1,0,crash|fuel_waste|early_crash|late_stage_fail
10280324,fuel_waste,55.825710867344526,88,1,0,crash|fuel_waste|early_crash|late_stage_fail
10267991,fuel_waste,59.0894156657391,103,1,0,crash|fuel_waste|early_crash|late_stage_fail
10279484,fuel_waste,64.47699509869824,88,1,0,crash|fuel_waste|early_crash|late_stage_fail
10255170,fuel_waste,71.88467819371672,97,1,0,crash|fuel_waste|early_crash|late_stage_fail
10277750,late_stage_fail,177.7316967720152,1000,0,1,timeout|late_stage_fail
10290902,late_stage_fail,186.73494030225697,1000,0,1,timeout|late_stage_fail
10262817,late_stage_fail,190.39341060862094,1000,0,1,timeout|late_stage_fail
10295396,late_stage_fail,193.14652186318,1000,0,1,timeout|late_stage_fail
10329086,late_stage_fail,195.60455653459098,1000,0,1,timeout|late_stage_fail
10272857,late_stage_fail,195.73007104649224,1000,0,1,timeout|late_stage_fail
10317662,late_stage_fail,198.48647829421947,1000,0,1,timeout|late_stage_fail
10307355,late_stage_fail,201.52819843058046,1000,0,1,timeout|late_stage_fail
10251597,late_stage_fail,204.49148363938983,1000,0,1,timeout|late_stage_fail
10321058,oscillating_control,167.49102103170713,1000,0,1,timeout|oscillating_control|late_stage_fail
10277195,oscillating_control,167.81755937467352,1000,0,1,timeout|oscillating_control|late_stage_fail
10261981,oscillating_control,174.43734091301582,1000,0,1,timeout|oscillating_control|late_stage_fail
10242097,oscillating_control,174.45225303082557,1000,0,1,timeout|oscillating_control|late_stage_fail
10311823,oscillating_control,175.26904130507452,1000,0,1,timeout|oscillating_control|late_stage_fail
10288034,oscillating_control,175.52062170878688,1000,0,1,timeout|oscillating_control|late_stage_fail
10302311,oscillating_control,176.36897719868728,1000,0,1,timeout|oscillating_control|late_stage_fail
10333700,oscillating_control,179.38919634797853,1000,0,1,timeout|oscillating_control|late_stage_fail
10249904,oscillating_control,179.45671913856802,1000,0,1,timeout|oscillating_control|late_stage_fail
10300904,oscillating_control,181.4064254901781,1000,0,1,timeout|oscillating_control|late_stage_fail
10291009,oscillating_control,181.53711243454543,1000,0,1,timeout|oscillating_control|late_stage_fail
10270950,oscillating_control,183.8693055252637,1000,0,1,timeout|oscillating_control|late_stage_fail
10255517,oscillating_control,184.20640024915082,1000,0,1,timeout|oscillating_control|late_stage_fail
10241769,oscillating_control,184.31914231929596,1000,0,1,timeout|oscillating_control|late_stage_fail
10263437,oscillating_control,184.42714985692598,1000,0,1,timeout|oscillating_control|late_stage_fail
10285932,oscillating_control,184.5329495077142,1000,0,1,timeout|oscillating_control|late_stage_fail
10289241,oscillating_control,184.93404765442855,1000,0,1,timeout|oscillating_control|late_stage_fail
10280031,oscillating_control,185.0599150484748,1000,0,1,timeout|oscillating_control|late_stage_fail
10314722,oscillating_control,185.67497943991356,1000,0,1,timeout|oscillating_control|late_stage_fail
10291480,oscillating_control,187.30655406417088,1000,0,1,timeout|oscillating_control|late_stage_fail
10252636,oscillating_control,187.41530969528705,1000,0,1,timeout|oscillating_control|late_stage_fail
10314450,oscillating_control,188.81161918567219,1000,0,1,timeout|oscillating_control|late_stage_fail
10325364,oscillating_control,189.13460652269424,1000,0,1,timeout|oscillating_control|late_stage_fail
10320077,oscillating_control,189.29389468554277,1000,0,1,timeout|oscillating_control|late_stage_fail
10243383,oscillating_control,189.44527900422497,1000,0,1,timeout|oscillating_control|late_stage_fail
10263063,oscillating_control,189.6139617542875,1000,0,1,timeout|oscillating_control|late_stage_fail
10275116,oscillating_control,189.66492804734287,1000,0,1,timeout|oscillating_control|late_stage_fail
10292130,oscillating_control,189.92652701097364,1000,0,1,timeout|oscillating_control|late_stage_fail
10276352,oscillating_control,190.23326679133822,1000,0,1,timeout|oscillating_control|late_stage_fail
10277538,oscillating_control,190.90466781268452,1000,0,1,timeout|oscillating_control|late_stage_fail
10303327,oscillating_control,191.27592757840773,1000,0,1,timeout|oscillating_control|late_stage_fail
10299326,oscillating_control,191.75300501322482,1000,0,1,timeout|oscillating_control|late_stage_fail
10308644,oscillating_control,191.76916056808187,1000,0,1,timeout|oscillating_control|late_stage_fail
10309357,oscillating_control,191.93622665400434,1000,0,1,timeout|oscillating_control|late_stage_fail
10328135,oscillating_control,192.61980380445175,1000,0,1,timeout|oscillating_control|late_stage_fail
10280862,oscillating_control,193.01633337246002,1000,0,1,timeout|oscillating_control|late_stage_fail
10266208,oscillating_control,193.37777773989583,1000,0,1,timeout|oscillating_control|late_stage_fail
10243441,oscillating_control,193.46493303525594,1000,0,1,timeout|oscillating_control|late_stage_fail
10287171,oscillating_control,193.46518354720095,1000,0,1,timeout|oscillating_control|late_stage_fail
10246768,oscillating_control,193.92844818514843,1000,0,1,timeout|oscillating_control|late_stage_fail
10286950,oscillating_control,194.38393241163345,1000,0,1,timeout|oscillating_control|late_stage_fail
10308039,oscillating_control,194.83086575684507,1000,0,1,timeout|oscillating_control|late_stage_fail
10294142,oscillating_control,195.0674253275528,1000,0,1,timeout|oscillating_control|late_stage_fail
10279253,oscillating_control,195.57521138187212,1000,0,1,timeout|oscillating_control|late_stage_fail
10325367,oscillating_control,195.6059177966353,1000,0,1,timeout|oscillating_control|late_stage_fail
10286122,oscillating_control,195.77785653189778,1000,0,1,timeout|oscillating_control|late_stage_fail
10244573,oscillating_control,196.0876035105827,1000,0,1,timeout|oscillating_control|late_stage_fail
10275792,oscillating_control,196.48385632029715,1000,0,1,timeout|oscillating_control|late_stage_fail
10326883,oscillating_control,196.50310114513647,1000,0,1,timeout|oscillating_control|late_stage_fail
10276066,oscillating_control,197.15300661842122,1000,0,1,timeout|oscillating_control|late_stage_fail
10288863,oscillating_control,198.0752731744378,1000,0,1,timeout|oscillating_control|late_stage_fail
10315610,oscillating_control,198.64321090542958,1000,0,1,timeout|oscillating_control|late_stage_fail
10241755,oscillating_control,198.70402389551865,1000,0,1,timeout|oscillating_control|late_stage_fail
10253547,oscillating_control,198.75943700943625,1000,0,1,timeout|oscillating_control|late_stage_fail
10283046,oscillating_control,199.62055603988986,1000,0,1,timeout|oscillating_control|late_stage_fail
10259523,oscillating_control,199.9643618759966,1000,0,1,timeout|oscillating_control|late_stage_fail
10333540,oscillating_control,200.6925181368811,1000,0,1,timeout|oscillating_control|late_stage_fail
10269695,oscillating_control,201.25902602490936,1000,0,1,timeout|oscillating_control|late_stage_fail
10284079,oscillating_control,204.6152030273798,1000,0,1,timeout|oscillating_control|late_stage_fail
10288485,poor_terminal_control,-10.822023766365845,99,1,0,crash|unstable_attitude|fuel_waste|early_crash|poor_terminal_control|late_stage_fail
10311338,poor_terminal_control,-9.231112614256872,105,1,0,crash|unstable_attitude|fuel_waste|early_crash|poor_terminal_control|late_stage_fail
10282579,poor_terminal_control,-1.4133500627517037,90,1,0,crash|unstable_attitude|fuel_waste|early_crash|poor_terminal_control|late_stage_fail
10309087,poor_terminal_control,-1.1121974125870082,102,1,0,crash|unstable_attitude|fuel_waste|early_crash|poor_terminal_control|late_stage_fail
10265976,poor_terminal_control,6.129636844889802,95,1,0,crash|unstable_attitude|fuel_waste|early_crash|poor_terminal_control|late_stage_fail
10270427,poor_terminal_control,9.450735606647811,111,1,0,crash|unstable_attitude|fuel_waste|early_crash|poor_terminal_control|late_stage_fail
10302735,poor_terminal_control,12.149250913028169,94,1,0,crash|unstable_attitude|fuel_waste|early_crash|poor_terminal_control|late_stage_fail
10281799,poor_terminal_control,12.485432026047135,89,1,0,crash|hard_landing|unstable_attitude|fuel_waste|early_crash|poor_terminal_control|late_stage_fail
10246570,poor_terminal_control,13.324648169201922,94,1,0,crash|unstable_attitude|fuel_waste|early_crash|poor_terminal_control|late_stage_fail
10340283,poor_terminal_control,16.995077216933808,97,1,0,crash|unstable_attitude|fuel_waste|early_crash|poor_terminal_control|late_stage_fail
10245345,poor_terminal_control,17.760491609131407,97,1,0,crash|unstable_attitude|fuel_waste|early_crash|poor_terminal_control|late_stage_fail
10245708,poor_terminal_control,18.552749093686288,104,1,0,crash|unstable_attitude|fuel_waste|early_crash|poor_terminal_control|late_stage_fail
10264433,poor_terminal_control,18.5861971976703,88,1,0,crash|unstable_attitude|fuel_waste|early_crash|poor_terminal_control|late_stage_fail
10332745,poor_terminal_control,19.328153025591945,93,1,0,crash|unstable_attitude|fuel_waste|early_crash|poor_terminal_control|late_stage_fail
10312575,poor_terminal_control,20.257635398130603,94,1,0,crash|unstable_attitude|fuel_waste|early_crash|poor_terminal_control|late_stage_fail
10301746,poor_terminal_control,22.139017851133275,101,1,0,crash|unstable_attitude|fuel_waste|early_crash|poor_terminal_control|late_stage_fail
10253179,poor_terminal_control,22.43754687098007,92,1,0,crash|unstable_attitude|fuel_waste|early_crash|poor_terminal_control|late_stage_fail
10283780,poor_terminal_control,23.887078675619847,92,1,0,crash|unstable_attitude|fuel_waste|early_crash|poor_terminal_control|late_stage_fail
10263207,poor_terminal_control,25.57651411806947,93,1,0,crash|unstable_attitude|fuel_waste|early_crash|poor_terminal_control|late_stage_fail
10242782,poor_terminal_control,26.718056801555008,93,1,0,crash|unstable_attitude|fuel_waste|early_crash|poor_terminal_control|late_stage_fail
10300588,poor_terminal_control,28.252091796570255,100,1,0,crash|unstable_attitude|fuel_waste|early_crash|poor_terminal_control|late_stage_fail
10335757,poor_terminal_control,28.80188681611716,98,1,0,crash|unstable_attitude|fuel_waste|early_crash|poor_terminal_control|late_stage_fail
10319772,poor_terminal_control,29.717115592586254,93,1,0,crash|unstable_attitude|fuel_waste|early_crash|poor_terminal_control|late_stage_fail
10322990,poor_terminal_control,30.366547418806846,98,1,0,crash|unstable_attitude|fuel_waste|early_crash|poor_terminal_control|late_stage_fail
10312583,poor_terminal_control,30.442544952365836,92,1,0,crash|unstable_attitude|fuel_waste|early_crash|poor_terminal_control|late_stage_fail
10331506,poor_terminal_control,37.35168279589547,96,1,0,crash|unstable_attitude|fuel_waste|early_crash|poor_terminal_control|late_stage_fail
10334983,poor_terminal_control,41.50700084297341,97,1,0,crash|unstable_attitude|fuel_waste|early_crash|poor_terminal_control|late_stage_fail
10310615,poor_terminal_control,41.708443003921246,106,1,0,crash|unstable_attitude|fuel_waste|early_crash|poor_terminal_control|late_stage_fail
10339327,unstable_attitude,12.563501559182242,104,1,0,crash|unstable_attitude|fuel_waste|early_crash|late_stage_fail
10256258,unstable_attitude,17.68080911221658,104,1,0,crash|unstable_attitude|fuel_waste|early_crash|late_stage_fail
10311474,unstable_attitude,17.906433666671518,106,1,0,crash|unstable_attitude|fuel_waste|early_crash|late_stage_fail
10332379,unstable_attitude,18.975330072231586,106,1,0,crash|unstable_attitude|fuel_waste|early_crash|late_stage_fail
10248687,unstable_attitude,19.70310428394035,100,1,0,crash|unstable_attitude|fuel_waste|early_crash|late_stage_fail
10268630,unstable_attitude,21.970803594833626,101,1,0,crash|unstable_attitude|fuel_waste|early_crash|late_stage_fail
10244519,unstable_attitude,22.073306053471214,96,1,0,crash|unstable_attitude|fuel_waste|early_crash|late_stage_fail
10259024,unstable_attitude,24.426591450559428,99,1,0,crash|unstable_attitude|fuel_waste|early_crash|late_stage_fail
10243467,unstable_attitude,25.093185950064665,109,1,0,crash|unstable_attitude|fuel_waste|early_crash|late_stage_fail
10261795,unstable_attitude,26.948039279164874,93,1,0,crash|unstable_attitude|fuel_waste|early_crash|late_stage_fail
10308351,unstable_attitude,27.076544313626087,113,1,0,crash|unstable_attitude|fuel_waste|early_crash|late_stage_fail
10319449,unstable_attitude,27.178454704951434,109,1,0,crash|unstable_attitude|fuel_waste|early_crash|late_stage_fail
10280593,unstable_attitude,28.872379171984818,96,1,0,crash|unstable_attitude|fuel_waste|early_crash|late_stage_fail
10278391,unstable_attitude,29.269874360268147,99,1,0,crash|unstable_attitude|fuel_waste|early_crash|late_stage_fail
10250877,unstable_attitude,29.4980541476574,110,1,0,crash|unstable_attitude|fuel_waste|early_crash|late_stage_fail
10261836,unstable_attitude,30.151346838284695,95,1,0,crash|unstable_attitude|fuel_waste|early_crash|late_stage_fail
10333175,unstable_attitude,30.38052777852144,98,1,0,crash|unstable_attitude|fuel_waste|early_crash|late_stage_fail
10285021,unstable_attitude,31.256740917867205,105,1,0,crash|unstable_attitude|fuel_waste|early_crash|late_stage_fail
10259676,unstable_attitude,32.315455713816476,137,1,0,crash|unstable_attitude|fuel_waste|late_stage_fail
10272963,unstable_attitude,32.66233799331596,116,1,0,crash|unstable_attitude|fuel_waste|early_crash|late_stage_fail
10273887,unstable_attitude,32.87567214025091,107,1,0,crash|unstable_attitude|fuel_waste|early_crash|late_stage_fail
10257564,unstable_attitude,33.237665012475816,110,1,0,crash|unstable_attitude|fuel_waste|early_crash|late_stage_fail
10246029,unstable_attitude,34.41110392800584,99,1,0,crash|unstable_attitude|fuel_waste|early_crash|late_stage_fail
10285883,unstable_attitude,34.851838755295205,108,1,0,crash|unstable_attitude|fuel_waste|early_crash|late_stage_fail
10297103,unstable_attitude,36.98851850702641,112,1,0,crash|unstable_attitude|fuel_waste|early_crash|late_stage_fail
10338906,unstable_attitude,37.771786895784345,115,1,0,crash|unstable_attitude|fuel_waste|early_crash|late_stage_fail
10288228,unstable_attitude,37.946818318307294,106,1,0,crash|unstable_attitude|fuel_waste|early_crash|late_stage_fail
10291434,unstable_attitude,38.145908302653226,102,1,0,crash|unstable_attitude|fuel_waste|early_crash|late_stage_fail
10298603,unstable_attitude,38.968210130678415,138,1,0,crash|unstable_attitude|fuel_waste|late_stage_fail
10291921,unstable_attitude,39.251822370219685,100,1,0,crash|unstable_attitude|fuel_waste|early_crash|late_stage_fail
10322715,unstable_attitude,39.28542291845332,99,1,0,crash|unstable_attitude|fuel_waste|early_crash|late_stage_fail
10269419,unstable_attitude,40.23310645213937,108,1,0,crash|unstable_attitude|fuel_waste|early_crash|late_stage_fail
10286975,unstable_attitude,40.57531907114185,103,1,0,crash|unstable_attitude|fuel_waste|early_crash|late_stage_fail
10267611,unstable_attitude,40.85614492922491,108,1,0,crash|unstable_attitude|fuel_waste|early_crash|late_stage_fail
10274233,unstable_attitude,41.08996410258624,96,1,0,crash|unstable_attitude|fuel_waste|early_crash|late_stage_fail
10289890,unstable_attitude,41.5473376565086,109,1,0,crash|unstable_attitude|fuel_waste|early_crash|late_stage_fail
10290265,unstable_attitude,41.79834517649218,116,1,0,crash|unstable_attitude|fuel_waste|early_crash|late_stage_fail
10255139,unstable_attitude,41.92951090602588,103,1,0,crash|unstable_attitude|fuel_waste|early_crash|late_stage_fail
10313124,unstable_attitude,42.68314523067755,117,1,0,crash|unstable_attitude|fuel_waste|early_crash|late_stage_fail
10270442,unstable_attitude,43.71806047931233,107,1,0,crash|unstable_attitude|fuel_waste|early_crash|late_stage_fail
10331110,unstable_attitude,44.176932554559926,116,1,0,crash|unstable_attitude|fuel_waste|early_crash|late_stage_fail
10313260,unstable_attitude,44.485611996736424,112,1,0,crash|unstable_attitude|fuel_waste|early_crash|late_stage_fail
10261432,unstable_attitude,44.770528561378,111,1,0,crash|unstable_attitude|fuel_waste|early_crash|late_stage_fail
10287456,unstable_attitude,45.1260829519461,104,1,0,crash|unstable_attitude|fuel_waste|early_crash|late_stage_fail
10311933,unstable_attitude,45.44995778050594,109,1,0,crash|unstable_attitude|fuel_waste|early_crash|late_stage_fail
10257433,unstable_attitude,46.17623179500404,106,1,0,crash|unstable_attitude|fuel_waste|early_crash|late_stage_fail
10339045,unstable_attitude,46.264447839137375,113,1,0,crash|unstable_attitude|fuel_waste|early_crash|late_stage_fail
10290137,unstable_attitude,46.36152703039673,109,1,0,crash|unstable_attitude|fuel_waste|early_crash|late_stage_fail
10268408,unstable_attitude,46.47726536590022,102,1,0,crash|unstable_attitude|fuel_waste|early_crash|late_stage_fail
10252512,unstable_attitude,46.53978447184187,111,1,0,crash|unstable_attitude|fuel_waste|early_crash|late_stage_fail
10272270,unstable_attitude,46.99645568849206,97,1,0,crash|unstable_attitude|fuel_waste|early_crash|late_stage_fail
10274424,unstable_attitude,47.02354145927441,95,1,0,crash|unstable_attitude|fuel_waste|early_crash|late_stage_fail
10296473,unstable_attitude,47.12984323095091,103,1,0,crash|unstable_attitude|fuel_waste|early_crash|late_stage_fail
10284238,unstable_attitude,47.15134299257957,113,1,0,crash|unstable_attitude|fuel_waste|early_crash|late_stage_fail
10338695,unstable_attitude,47.32660536452238,118,1,0,crash|unstable_attitude|fuel_waste|early_crash|late_stage_fail
10284924,unstable_attitude,47.91468318642336,111,1,0,crash|unstable_attitude|fuel_waste|early_crash|late_stage_fail
10319293,unstable_attitude,48.27674676507402,95,1,0,crash|unstable_attitude|fuel_waste|early_crash|late_stage_fail
10260282,unstable_attitude,48.66120080240165,117,1,0,crash|unstable_attitude|fuel_waste|early_crash|late_stage_fail
10302921,unstable_attitude,49.05343795840574,113,1,0,crash|unstable_attitude|fuel_waste|early_crash|late_stage_fail
10309470,unstable_attitude,49.244439625531186,100,1,0,crash|unstable_attitude|fuel_waste|early_crash|late_stage_fail
10277047,unstable_attitude,49.37791679286468,115,1,0,crash|unstable_attitude|fuel_waste|early_crash|late_stage_fail
10260086,unstable_attitude,49.76054260622465,118,1,0,crash|unstable_attitude|fuel_waste|early_crash|late_stage_fail
10331230,unstable_attitude,50.0526965331494,113,1,0,crash|unstable_attitude|fuel_waste|early_crash|late_stage_fail
10297111,unstable_attitude,50.09854208854483,109,1,0,crash|unstable_attitude|fuel_waste|early_crash|late_stage_fail
10330205,unstable_attitude,50.65114534551216,111,1,0,crash|unstable_attitude|fuel_waste|early_crash|late_stage_fail
10288309,unstable_attitude,50.74922996131531,107,1,0,crash|unstable_attitude|fuel_waste|early_crash|late_stage_fail
10253754,unstable_attitude,50.93778908475977,95,1,0,crash|unstable_attitude|fuel_waste|early_crash|late_stage_fail
10269041,unstable_attitude,51.51946337143059,103,1,0,crash|unstable_attitude|fuel_waste|early_crash|late_stage_fail
10330352,unstable_attitude,52.257358096694105,101,1,0,crash|unstable_attitude|fuel_waste|early_crash|late_stage_fail
10252485,unstable_attitude,52.65065310258126,101,1,0,crash|unstable_attitude|fuel_waste|early_crash|late_stage_fail
10270255,unstable_attitude,52.99724142756068,126,1,0,crash|unstable_attitude|fuel_waste|late_stage_fail
10308689,unstable_attitude,53.022222236557326,111,1,0,crash|unstable_attitude|fuel_waste|early_crash|late_stage_fail
10286177,unstable_attitude,53.06802931306049,116,1,0,crash|unstable_attitude|fuel_waste|early_crash|late_stage_fail
10261316,unstable_attitude,53.0970723112782,117,1,0,crash|unstable_attitude|fuel_waste|early_crash|late_stage_fail
10313153,unstable_attitude,53.10443212394131,116,1,0,crash|unstable_attitude|fuel_waste|early_crash|late_stage_fail
10321095,unstable_attitude,53.879750942638594,111,1,0,crash|unstable_attitude|fuel_waste|early_crash|late_stage_fail
10268675,unstable_attitude,54.42722964099599,111,1,0,crash|unstable_attitude|fuel_waste|early_crash|late_stage_fail
10330307,unstable_attitude,54.43707342332738,140,1,0,crash|unstable_attitude|fuel_waste|late_stage_fail
10304392,unstable_attitude,54.98714736354492,113,1,0,crash|unstable_attitude|fuel_waste|early_crash|late_stage_fail
10281345,unstable_attitude,55.1145380615377,115,1,0,crash|unstable_attitude|fuel_waste|early_crash|late_stage_fail
10260461,unstable_attitude,55.70169100368929,113,1,0,crash|unstable_attitude|fuel_waste|early_crash|late_stage_fail
10248234,unstable_attitude,56.73766131638655,113,1,0,crash|unstable_attitude|fuel_waste|early_crash|late_stage_fail
10309127,unstable_attitude,57.047117013676996,102,1,0,crash|unstable_attitude|fuel_waste|early_crash|late_stage_fail
10254255,unstable_attitude,59.18768775028258,127,1,0,crash|unstable_attitude|fuel_waste|late_stage_fail
10300684,unstable_attitude,60.10816690967093,113,1,0,crash|unstable_attitude|fuel_waste|early_crash|late_stage_fail
10269409,unstable_attitude,60.38637742812014,91,1,0,crash|unstable_attitude|fuel_waste|early_crash|late_stage_fail
10279589,unstable_attitude,60.638887950444285,101,1,0,crash|unstable_attitude|fuel_waste|early_crash|late_stage_fail
10261184,unstable_attitude,60.6901530646677,119,1,0,crash|unstable_attitude|fuel_waste|early_crash|late_stage_fail
10319410,unstable_attitude,61.07020808264875,128,1,0,crash|unstable_attitude|fuel_waste|late_stage_fail
10318291,unstable_attitude,61.32514291890476,111,1,0,crash|unstable_attitude|fuel_waste|early_crash|late_stage_fail
10243905,unstable_attitude,61.33597512527112,107,1,0,crash|unstable_attitude|fuel_waste|early_crash|late_stage_fail
10295350,unstable_attitude,61.60649676314401,127,1,0,crash|unstable_attitude|fuel_waste|late_stage_fail
10253213,unstable_attitude,63.268562286388715,121,1,0,crash|unstable_attitude|fuel_waste|late_stage_fail
10313344,unstable_attitude,63.44041165807462,104,1,0,crash|unstable_attitude|fuel_waste|early_crash|late_stage_fail
10320111,unstable_attitude,63.7406367416709,124,1,0,crash|unstable_attitude|fuel_waste|late_stage_fail
10271096,unstable_attitude,64.1166359764151,97,1,0,crash|unstable_attitude|fuel_waste|early_crash|late_stage_fail
10324968,unstable_attitude,64.40957917117368,136,1,0,crash|unstable_attitude|fuel_waste|late_stage_fail
10247121,unstable_attitude,64.50683291100282,122,1,0,crash|unstable_attitude|fuel_waste|late_stage_fail
10301204,unstable_attitude,64.61973985628484,133,1,0,crash|unstable_attitude|fuel_waste|late_stage_fail
10330590,unstable_attitude,64.90032697469584,128,1,0,crash|unstable_attitude|fuel_waste|late_stage_fail
10289407,unstable_attitude,65.59267106709413,142,1,0,crash|unstable_attitude|fuel_waste|late_stage_fail
10301523,unstable_attitude,66.44624961549886,122,1,0,crash|unstable_attitude|fuel_waste|late_stage_fail
10336055,unstable_attitude,68.25691886740572,137,1,0,crash|unstable_attitude|fuel_waste|late_stage_fail
10278965,unstable_attitude,68.94660625585655,146,1,0,crash|unstable_attitude|fuel_waste|late_stage_fail
10306383,unstable_attitude,68.98341161035904,116,1,0,crash|unstable_attitude|fuel_waste|early_crash|late_stage_fail
10277662,unstable_attitude,69.32742939927928,117,1,0,crash|unstable_attitude|fuel_waste|early_crash|late_stage_fail
10306086,unstable_attitude,69.77670694141668,120,1,0,crash|unstable_attitude|fuel_waste|late_stage_fail
10297195,unstable_attitude,69.80409398061553,143,1,0,crash|unstable_attitude|fuel_waste|late_stage_fail
10286011,unstable_attitude,70.31863749432071,117,1,0,crash|unstable_attitude|fuel_waste|early_crash|late_stage_fail
10283921,unstable_attitude,71.05257133045609,131,1,0,crash|unstable_attitude|fuel_waste|late_stage_fail
10277578,unstable_attitude,71.2871119065158,125,1,0,crash|unstable_attitude|fuel_waste|late_stage_fail
10259521,unstable_attitude,71.99736367953187,118,1,0,crash|unstable_attitude|fuel_waste|early_crash|late_stage_fail
10316718,unstable_attitude,72.22441850404684,117,1,0,crash|unstable_attitude|fuel_waste|early_crash|late_stage_fail
10263943,unstable_attitude,73.1951055793053,113,1,0,crash|unstable_attitude|fuel_waste|early_crash|late_stage_fail
10263595,unstable_attitude,73.25704098265535,142,1,0,crash|unstable_attitude|fuel_waste|late_stage_fail
10269953,unstable_attitude,73.43815733152607,109,1,0,crash|unstable_attitude|fuel_waste|early_crash|late_stage_fail
10330222,unstable_attitude,74.04175736998386,116,1,0,crash|unstable_attitude|fuel_waste|early_crash|late_stage_fail
10272502,unstable_attitude,74.20765506214354,140,1,0,crash|unstable_attitude|fuel_waste|late_stage_fail
10300503,unstable_attitude,74.49235139235162,140,1,0,crash|unstable_attitude|fuel_waste|late_stage_fail
10281011,unstable_attitude,74.86047388008117,142,1,0,crash|unstable_attitude|fuel_waste|late_stage_fail
10297928,unstable_attitude,75.18297527141834,117,1,0,crash|unstable_attitude|fuel_waste|early_crash|late_stage_fail
10271527,unstable_attitude,76.0171825593292,143,1,0,crash|unstable_attitude|fuel_waste|late_stage_fail
10297606,unstable_attitude,76.82240876530224,133,1,0,crash|unstable_attitude|fuel_waste|late_stage_fail
10275404,unstable_attitude,77.35232206654234,146,1,0,crash|unstable_attitude|fuel_waste|late_stage_fail
10241288,unstable_attitude,78.20658044959225,148,1,0,crash|unstable_attitude|fuel_waste|late_stage_fail
10285373,unstable_attitude,78.24014248969888,124,1,0,crash|unstable_attitude|fuel_waste|late_stage_fail
10313192,unstable_attitude,78.43892263176392,141,1,0,crash|unstable_attitude|fuel_waste|late_stage_fail
10334323,unstable_attitude,78.5162021356764,143,1,0,crash|unstable_attitude|fuel_waste|late_stage_fail
10257011,unstable_attitude,78.74607601862334,143,1,0,crash|unstable_attitude|fuel_waste|late_stage_fail
10288481,unstable_attitude,78.77645779058506,144,1,0,crash|unstable_attitude|fuel_waste|late_stage_fail
10245589,unstable_attitude,79.01180736518276,143,1,0,crash|unstable_attitude|fuel_waste|late_stage_fail
10331026,unstable_attitude,79.16972070075232,146,1,0,crash|unstable_attitude|fuel_waste|late_stage_fail
10318050,unstable_attitude,80.28355851634441,147,1,0,crash|unstable_attitude|fuel_waste|late_stage_fail
10255861,unstable_attitude,80.38819144268416,141,1,0,crash|unstable_attitude|fuel_waste|late_stage_fail
10257022,unstable_attitude,80.44137271935676,148,1,0,crash|unstable_attitude|fuel_waste|late_stage_fail
10302610,unstable_attitude,80.45792764014988,143,1,0,crash|unstable_attitude|fuel_waste|late_stage_fail
10325413,unstable_attitude,80.84859836640717,146,1,0,crash|unstable_attitude|fuel_waste|late_stage_fail
10288820,unstable_attitude,81.82022056197744,144,1,0,crash|unstable_attitude|fuel_waste|late_stage_fail
10278466,unstable_attitude,82.30094507078869,145,1,0,crash|unstable_attitude|fuel_waste|late_stage_fail
10273276,unstable_attitude,82.55264973818993,148,1,0,crash|unstable_attitude|fuel_waste|late_stage_fail
10319669,unstable_attitude,82.87149305676408,145,1,0,crash|unstable_attitude|fuel_waste|late_stage_fail
10272737,unstable_attitude,83.17675957045353,142,1,0,crash|unstable_attitude|fuel_waste|late_stage_fail
10284780,unstable_attitude,85.62184890326594,146,1,0,crash|unstable_attitude|fuel_waste|late_stage_fail
10299031,unstable_attitude,85.66745284318037,146,1,0,crash|unstable_attitude|fuel_waste|late_stage_fail
10317900,unstable_attitude,85.8247802339223,150,1,0,crash|unstable_attitude|fuel_waste|late_stage_fail
10336957,unstable_attitude,86.47175479104774,147,1,0,crash|unstable_attitude|fuel_waste|late_stage_fail
10243061,unstable_attitude,86.52017576186373,142,1,0,crash|unstable_attitude|fuel_waste|late_stage_fail
10300388,unstable_attitude,87.57980658745598,148,1,0,crash|unstable_attitude|fuel_waste|late_stage_fail
10272232,unstable_attitude,89.53142116870254,148,1,0,crash|unstable_attitude|fuel_waste|late_stage_fail
10247911,unstable_attitude,90.3855947016819,147,1,0,crash|unstable_attitude|fuel_waste|late_stage_fail
10282902,unstable_attitude,91.82840986468494,150,1,0,crash|unstable_attitude|fuel_waste|late_stage_fail
10251699,unstable_attitude,92.9019773794904,150,1,0,crash|unstable_attitude|fuel_waste|late_stage_fail
10322253,unstable_attitude,95.12468441295883,146,1,0,crash|unstable_attitude|fuel_waste|late_stage_fail
10289960,unstable_attitude,96.03870408775487,150,1,0,crash|unstable_attitude|fuel_waste|late_stage_fail
10274463,unstable_attitude,96.22487103590765,152,1,0,crash|unstable_attitude|fuel_waste|late_stage_fail
10263786,unstable_attitude,96.60959049004316,153,1,0,crash|unstable_attitude|fuel_waste|late_stage_fail
10335395,unstable_attitude,99.94428101285757,147,1,0,crash|unstable_attitude|fuel_waste|late_stage_fail
10269950,unstable_attitude,101.70077324396462,148,1,0,crash|unstable_attitude|fuel_waste|late_stage_fail
10324470,unstable_attitude,102.25340276478738,147,1,0,crash|unstable_attitude|fuel_waste|late_stage_fail
10329623,unstable_attitude,103.95022237202892,148,1,0,crash|unstable_attitude|fuel_waste|late_stage_fail
10299433,unstable_attitude,171.9374023422805,1000,0,1,timeout|unstable_attitude|oscillating_control|late_stage_fail
10265200,unstable_attitude,172.88980978717802,1000,0,1,timeout|unstable_attitude|oscillating_control|late_stage_fail
10296629,unstable_attitude,173.6105116911945,1000,0,1,timeout|unstable_attitude|oscillating_control|late_stage_fail
10244771,unstable_attitude,174.99996932840216,1000,0,1,timeout|unstable_attitude|oscillating_control|late_stage_fail
10299998,unstable_attitude,175.1394846488956,1000,0,1,timeout|unstable_attitude|oscillating_control|late_stage_fail
10260424,unstable_attitude,176.06129672904405,1000,0,1,timeout|unstable_attitude|oscillating_control|late_stage_fail
10317412,unstable_attitude,176.13128175586962,1000,0,1,timeout|unstable_attitude|late_stage_fail
10276587,unstable_attitude,176.2079484124446,1000,0,1,timeout|unstable_attitude|oscillating_control|late_stage_fail
10330305,unstable_attitude,176.2381336644195,1000,0,1,timeout|unstable_attitude|oscillating_control|late_stage_fail
10308363,unstable_attitude,176.9473844920125,1000,0,1,timeout|unstable_attitude|oscillating_control|late_stage_fail
10270956,unstable_attitude,177.42963115984028,1000,0,1,timeout|unstable_attitude|oscillating_control|late_stage_fail
10313639,unstable_attitude,177.5294608114709,1000,0,1,timeout|unstable_attitude|oscillating_control|late_stage_fail
10250958,unstable_attitude,177.630936123352,1000,0,1,timeout|unstable_attitude|oscillating_control|late_stage_fail
10282389,unstable_attitude,178.70145398394058,1000,0,1,timeout|unstable_attitude|oscillating_control|late_stage_fail
10274955,unstable_attitude,178.7746806661102,1000,0,1,timeout|unstable_attitude|oscillating_control|late_stage_fail
10247425,unstable_attitude,178.87469754698682,1000,0,1,timeout|unstable_attitude|oscillating_control|late_stage_fail
10338891,unstable_attitude,179.32024139689338,1000,0,1,timeout|unstable_attitude|oscillating_control|late_stage_fail
10336765,unstable_attitude,179.79897830924762,1000,0,1,timeout|unstable_attitude|oscillating_control|late_stage_fail
10289785,unstable_attitude,180.0746754812657,1000,0,1,timeout|unstable_attitude|oscillating_control|late_stage_fail
10253341,unstable_attitude,180.27240847734234,1000,0,1,timeout|unstable_attitude|oscillating_control|late_stage_fail
10318488,unstable_attitude,180.39444203945934,1000,0,1,timeout|unstable_attitude|late_stage_fail
10257178,unstable_attitude,180.678035716687,1000,0,1,timeout|unstable_attitude|oscillating_control|late_stage_fail
10298110,unstable_attitude,180.76572666091812,1000,0,1,timeout|unstable_attitude|oscillating_control|late_stage_fail
10273018,unstable_attitude,180.8256136928771,1000,0,1,timeout|unstable_attitude|oscillating_control|late_stage_fail
10250166,unstable_attitude,180.8904334086599,1000,0,1,timeout|unstable_attitude|oscillating_control|late_stage_fail
10323120,unstable_attitude,181.2312382868757,1000,0,1,timeout|unstable_attitude|oscillating_control|late_stage_fail
10280635,unstable_attitude,181.59696573767798,1000,0,1,timeout|unstable_attitude|oscillating_control|late_stage_fail
10318122,unstable_attitude,181.76955399280376,1000,0,1,timeout|unstable_attitude|oscillating_control|late_stage_fail
10304104,unstable_attitude,181.92179910475812,1000,0,1,timeout|unstable_attitude|oscillating_control|late_stage_fail
10311651,unstable_attitude,182.05423939475327,1000,0,1,timeout|unstable_attitude|oscillating_control|late_stage_fail
10302343,unstable_attitude,182.41788409060962,1000,0,1,timeout|unstable_attitude|oscillating_control|late_stage_fail
10274217,unstable_attitude,182.59047200993098,1000,0,1,timeout|unstable_attitude|oscillating_control|late_stage_fail
10246014,unstable_attitude,182.65069040298607,1000,0,1,timeout|unstable_attitude|oscillating_control|late_stage_fail
10278740,unstable_attitude,182.99774492260096,1000,0,1,timeout|unstable_attitude|oscillating_control|late_stage_fail
10272612,unstable_attitude,183.0833951367283,1000,0,1,timeout|unstable_attitude|oscillating_control|late_stage_fail
10320826,unstable_attitude,183.8235558121169,1000,0,1,timeout|unstable_attitude|oscillating_control|late_stage_fail
10304467,unstable_attitude,184.15162524742894,1000,0,1,timeout|unstable_attitude|oscillating_control|late_stage_fail
10266072,unstable_attitude,184.16982043865588,1000,0,1,timeout|unstable_attitude|oscillating_control|late_stage_fail
10282059,unstable_attitude,184.86755669431997,1000,0,1,timeout|unstable_attitude|oscillating_control|late_stage_fail
10266579,unstable_attitude,184.9178103584022,1000,0,1,timeout|unstable_attitude|oscillating_control|late_stage_fail
10290418,unstable_attitude,184.96567675688988,1000,0,1,timeout|unstable_attitude|oscillating_control|late_stage_fail
10297940,unstable_attitude,184.99939077214384,1000,0,1,timeout|unstable_attitude|oscillating_control|late_stage_fail
10306800,unstable_attitude,185.06965083821896,1000,0,1,timeout|unstable_attitude|oscillating_control|late_stage_fail
10284786,unstable_attitude,185.32392906891036,1000,0,1,timeout|unstable_attitude|oscillating_control|late_stage_fail
10253114,unstable_attitude,185.43106399194758,1000,0,1,timeout|unstable_attitude|oscillating_control|late_stage_fail
10246390,unstable_attitude,185.5878108700236,1000,0,1,timeout|unstable_attitude|oscillating_control|late_stage_fail
10264464,unstable_attitude,185.62628576742827,1000,0,1,timeout|unstable_attitude|oscillating_control|late_stage_fail
10245133,unstable_attitude,185.7224318439613,1000,0,1,timeout|unstable_attitude|oscillating_control|late_stage_fail
10245783,unstable_attitude,185.75341567324324,1000,0,1,timeout|unstable_attitude|oscillating_control|late_stage_fail
10335459,unstable_attitude,185.76973604132453,1000,0,1,timeout|unstable_attitude|oscillating_control|late_stage_fail
10310897,unstable_attitude,186.15222680345957,1000,0,1,timeout|unstable_attitude|oscillating_control|late_stage_fail
10333815,unstable_attitude,186.22102733853762,1000,0,1,timeout|unstable_attitude|oscillating_control|late_stage_fail
10335990,unstable_attitude,186.22739790026316,1000,0,1,timeout|unstable_attitude|late_stage_fail
10320035,unstable_attitude,186.24105704685923,1000,0,1,timeout|unstable_attitude|oscillating_control|late_stage_fail
10295251,unstable_attitude,186.30162896747592,1000,0,1,timeout|unstable_attitude|oscillating_control|late_stage_fail
10261822,unstable_attitude,186.4172596452443,1000,0,1,timeout|unstable_attitude|oscillating_control|late_stage_fail
10256301,unstable_attitude,186.4458532160217,1000,0,1,timeout|unstable_attitude|oscillating_control|late_stage_fail
10274540,unstable_attitude,186.58747366357662,1000,0,1,timeout|unstable_attitude|oscillating_control|late_stage_fail
10277904,unstable_attitude,186.713786130116,1000,0,1,timeout|unstable_attitude|oscillating_control|late_stage_fail
10264927,unstable_attitude,186.8395678554584,1000,0,1,timeout|unstable_attitude|oscillating_control|late_stage_fail
10318449,unstable_attitude,186.97906341324693,1000,0,1,timeout|unstable_attitude|oscillating_control|late_stage_fail
10315232,unstable_attitude,187.01541118260477,1000,0,1,timeout|unstable_attitude|oscillating_control|late_stage_fail
10268929,unstable_attitude,187.12431158008806,1000,0,1,timeout|unstable_attitude|oscillating_control|late_stage_fail
10339347,unstable_attitude,187.2632549066437,1000,0,1,timeout|unstable_attitude|oscillating_control|late_stage_fail
10259931,unstable_attitude,187.3111313968194,1000,0,1,timeout|unstable_attitude|oscillating_control|late_stage_fail
10276837,unstable_attitude,187.3284621908285,1000,0,1,timeout|unstable_attitude|oscillating_control|late_stage_fail
10338462,unstable_attitude,187.34469164761234,1000,0,1,timeout|unstable_attitude|oscillating_control|late_stage_fail
10320510,unstable_attitude,187.36884660321118,1000,0,1,timeout|unstable_attitude|oscillating_control|late_stage_fail
10315034,unstable_attitude,187.59662225458908,1000,0,1,timeout|unstable_attitude|oscillating_control|late_stage_fail
10243374,unstable_attitude,187.707378602143,1000,0,1,timeout|unstable_attitude|oscillating_control|late_stage_fail
10242449,unstable_attitude,187.76384090359352,1000,0,1,timeout|unstable_attitude|oscillating_control|late_stage_fail
10303247,unstable_attitude,187.82762768621947,1000,0,1,timeout|unstable_attitude|oscillating_control|late_stage_fail
10331235,unstable_attitude,187.88472548138705,1000,0,1,timeout|unstable_attitude|oscillating_control|late_stage_fail
10284590,unstable_attitude,187.98152164946845,1000,0,1,timeout|unstable_attitude|oscillating_control|late_stage_fail
10260963,unstable_attitude,188.05796714417238,1000,0,1,timeout|unstable_attitude|late_stage_fail
10311643,unstable_attitude,188.08397369466076,1000,0,1,timeout|unstable_attitude|late_stage_fail
10273766,unstable_attitude,188.10106464843452,1000,0,1,timeout|unstable_attitude|oscillating_control|late_stage_fail
10241241,unstable_attitude,188.17720579521122,1000,0,1,timeout|unstable_attitude|oscillating_control|late_stage_fail
10335089,unstable_attitude,188.45909626951476,1000,0,1,timeout|unstable_attitude|oscillating_control|late_stage_fail
10250719,unstable_attitude,188.6362429366181,1000,0,1,timeout|unstable_attitude|oscillating_control|late_stage_fail
10307625,unstable_attitude,188.72581547747544,1000,0,1,timeout|unstable_attitude|oscillating_control|late_stage_fail
10274623,unstable_attitude,188.80934118277662,1000,0,1,timeout|unstable_attitude|oscillating_control|late_stage_fail
10335078,unstable_attitude,188.8511246385192,1000,0,1,timeout|unstable_attitude|oscillating_control|late_stage_fail
10324174,unstable_attitude,188.96549260488234,1000,0,1,timeout|unstable_attitude|oscillating_control|late_stage_fail
10262761,unstable_attitude,189.00557907208832,1000,0,1,timeout|unstable_attitude|oscillating_control|late_stage_fail
10308513,unstable_attitude,189.03164159059565,1000,0,1,timeout|unstable_attitude|oscillating_control|late_stage_fail
10276670,unstable_attitude,189.11131022456067,1000,0,1,timeout|unstable_attitude|oscillating_control|late_stage_fail
10338427,unstable_attitude,189.14469533030328,1000,0,1,timeout|unstable_attitude|oscillating_control|late_stage_fail
10274868,unstable_attitude,189.1987143092968,1000,0,1,timeout|unstable_attitude|oscillating_control|late_stage_fail
10296693,unstable_attitude,189.40106265489774,1000,0,1,timeout|unstable_attitude|oscillating_control|late_stage_fail
10314938,unstable_attitude,189.49774261566682,1000,0,1,timeout|unstable_attitude|oscillating_control|late_stage_fail
10242840,unstable_attitude,189.569362425223,1000,0,1,timeout|unstable_attitude|oscillating_control|late_stage_fail
10277206,unstable_attitude,189.61610607823246,1000,0,1,timeout|unstable_attitude|oscillating_control|late_stage_fail
10275795,unstable_attitude,189.6199047233344,1000,0,1,timeout|unstable_attitude|oscillating_control|late_stage_fail
10320599,unstable_attitude,189.64268026121832,1000,0,1,timeout|unstable_attitude|oscillating_control|late_stage_fail
10280915,unstable_attitude,189.65047113935412,1000,0,1,timeout|unstable_attitude|oscillating_control|late_stage_fail
10339313,unstable_attitude,189.72450740509834,1000,0,1,timeout|unstable_attitude|oscillating_control|late_stage_fail
10303570,unstable_attitude,189.76065655915374,1000,0,1,timeout|unstable_attitude|oscillating_control|late_stage_fail
10338342,unstable_attitude,189.85422750772625,1000,0,1,timeout|unstable_attitude|oscillating_control|late_stage_fail
10283714,unstable_attitude,189.93856257593137,1000,0,1,timeout|unstable_attitude|oscillating_control|late_stage_fail
10266574,unstable_attitude,189.9573945149668,1000,0,1,timeout|unstable_attitude|oscillating_control|late_stage_fail
10306648,unstable_attitude,190.14641828120259,1000,0,1,timeout|unstable_attitude|oscillating_control|late_stage_fail
10251887,unstable_attitude,190.1564827176439,1000,0,1,timeout|unstable_attitude|oscillating_control|late_stage_fail
10293952,unstable_attitude,190.1714911244017,1000,0,1,timeout|unstable_attitude|oscillating_control|late_stage_fail
10294444,unstable_attitude,190.28130507265737,1000,0,1,timeout|unstable_attitude|oscillating_control|late_stage_fail
10261043,unstable_attitude,190.29803903467192,1000,0,1,timeout|unstable_attitude|oscillating_control|late_stage_fail
10316663,unstable_attitude,190.3348108539677,1000,0,1,timeout|unstable_attitude|oscillating_control|late_stage_fail
10306781,unstable_attitude,190.38908174984772,1000,0,1,timeout|unstable_attitude|oscillating_control|late_stage_fail
10294440,unstable_attitude,190.56203717367327,1000,0,1,timeout|unstable_attitude|oscillating_control|late_stage_fail
10282242,unstable_attitude,190.63368316421452,1000,0,1,timeout|unstable_attitude|oscillating_control|late_stage_fail
10268959,unstable_attitude,190.6809009746521,1000,0,1,timeout|unstable_attitude|oscillating_control|late_stage_fail
10307571,unstable_attitude,190.7530138188955,1000,0,1,timeout|unstable_attitude|oscillating_control|late_stage_fail
10252144,unstable_attitude,190.78972568833396,1000,0,1,timeout|unstable_attitude|oscillating_control|late_stage_fail
10286732,unstable_attitude,190.8074139406537,1000,0,1,timeout|unstable_attitude|oscillating_control|late_stage_fail
10329954,unstable_attitude,190.84616058508544,1000,0,1,timeout|unstable_attitude|oscillating_control|late_stage_fail
10314984,unstable_attitude,190.93624188795013,1000,0,1,timeout|unstable_attitude|late_stage_fail
10244336,unstable_attitude,190.96319332308292,1000,0,1,timeout|unstable_attitude|oscillating_control|late_stage_fail
10271591,unstable_attitude,190.98883756995934,1000,0,1,timeout|unstable_attitude|oscillating_control|late_stage_fail
10295668,unstable_attitude,191.07543890660332,1000,0,1,timeout|unstable_attitude|oscillating_control|late_stage_fail
10292982,unstable_attitude,191.07660240953282,1000,0,1,timeout|unstable_attitude|late_stage_fail
10276178,unstable_attitude,191.0928084507829,1000,0,1,timeout|unstable_attitude|oscillating_control|late_stage_fail
10277123,unstable_attitude,191.11452810495473,1000,0,1,timeout|unstable_attitude|oscillating_control|late_stage_fail
10301782,unstable_attitude,191.13801496695461,1000,0,1,timeout|unstable_attitude|oscillating_control|late_stage_fail
10274194,unstable_attitude,191.2241733790385,1000,0,1,timeout|unstable_attitude|late_stage_fail
10288503,unstable_attitude,191.34496903151867,1000,0,1,timeout|unstable_attitude|oscillating_control|late_stage_fail
10297450,unstable_attitude,191.4245070304745,1000,0,1,timeout|unstable_attitude|oscillating_control|late_stage_fail
10273196,unstable_attitude,191.49035174384733,1000,0,1,timeout|unstable_attitude|oscillating_control|late_stage_fail
10316670,unstable_attitude,191.53385188597315,1000,0,1,timeout|unstable_attitude|oscillating_control|late_stage_fail
10313330,unstable_attitude,191.54806318668636,1000,0,1,timeout|unstable_attitude|oscillating_control|late_stage_fail
10258057,unstable_attitude,191.55777137611187,1000,0,1,timeout|unstable_attitude|oscillating_control|late_stage_fail
10272147,unstable_attitude,191.59751102294314,1000,0,1,timeout|unstable_attitude|late_stage_fail
10306276,unstable_attitude,191.69348136870275,1000,0,1,timeout|unstable_attitude|oscillating_control|late_stage_fail
10309068,unstable_attitude,191.8907140729832,1000,0,1,timeout|unstable_attitude|oscillating_control|late_stage_fail
10314084,unstable_attitude,192.0318058883355,1000,0,1,timeout|unstable_attitude|oscillating_control|late_stage_fail
10296245,unstable_attitude,192.14647737216427,1000,0,1,timeout|unstable_attitude|oscillating_control|late_stage_fail
10340771,unstable_attitude,192.2704474126653,1000,0,1,timeout|unstable_attitude|oscillating_control|late_stage_fail
10294778,unstable_attitude,192.3640207083933,1000,0,1,timeout|unstable_attitude|oscillating_control|late_stage_fail
10311320,unstable_attitude,192.42263469768773,1000,0,1,timeout|unstable_attitude|oscillating_control|late_stage_fail
10335541,unstable_attitude,192.43554504471052,1000,0,1,timeout|unstable_attitude|oscillating_control|late_stage_fail
10257918,unstable_attitude,192.4499166869857,1000,0,1,timeout|unstable_attitude|oscillating_control|late_stage_fail
10248231,unstable_attitude,192.69715480885205,1000,0,1,timeout|unstable_attitude|oscillating_control|late_stage_fail
10253365,unstable_attitude,192.7196572940062,1000,0,1,timeout|unstable_attitude|oscillating_control|late_stage_fail
10289347,unstable_attitude,192.98004814564612,1000,0,1,timeout|unstable_attitude|oscillating_control|late_stage_fail
10314602,unstable_attitude,193.02922870709563,1000,0,1,timeout|unstable_attitude|oscillating_control|late_stage_fail
10241939,unstable_attitude,193.04355060998572,1000,0,1,timeout|unstable_attitude|oscillating_control|late_stage_fail
10266442,unstable_attitude,193.2829578299786,1000,0,1,timeout|unstable_attitude|oscillating_control|late_stage_fail
10327724,unstable_attitude,193.3017274693341,1000,0,1,timeout|unstable_attitude|oscillating_control|late_stage_fail
10296469,unstable_attitude,193.39901909158496,1000,0,1,timeout|unstable_attitude|oscillating_control|late_stage_fail
10250381,unstable_attitude,193.5392320578119,1000,0,1,timeout|unstable_attitude|oscillating_control|late_stage_fail
10315324,unstable_attitude,193.5729250015814,1000,0,1,timeout|unstable_attitude|oscillating_control|late_stage_fail
10306465,unstable_attitude,193.61821576596827,1000,0,1,timeout|unstable_attitude|oscillating_control|late_stage_fail
10241675,unstable_attitude,193.6948763285517,1000,0,1,timeout|unstable_attitude|oscillating_control|late_stage_fail
10260696,unstable_attitude,193.7546528748377,1000,0,1,timeout|unstable_attitude|oscillating_control|late_stage_fail
10244926,unstable_attitude,193.86023269873616,1000,0,1,timeout|unstable_attitude|oscillating_control|late_stage_fail
10268560,unstable_attitude,194.02509437591934,1000,0,1,timeout|unstable_attitude|late_stage_fail
10281474,unstable_attitude,194.04426091253657,1000,0,1,timeout|unstable_attitude|late_stage_fail
10278327,unstable_attitude,194.0512525505032,1000,0,1,timeout|unstable_attitude|oscillating_control|late_stage_fail
10294163,unstable_attitude,194.20089588655355,1000,0,1,timeout|unstable_attitude|late_stage_fail
10292347,unstable_attitude,194.2081924950538,1000,0,1,timeout|unstable_attitude|oscillating_control|late_stage_fail
10273543,unstable_attitude,194.30863849225452,1000,0,1,timeout|unstable_attitude|late_stage_fail
10299503,unstable_attitude,194.4802377983576,1000,0,1,timeout|unstable_attitude|oscillating_control|late_stage_fail
10321678,unstable_attitude,194.5549137655297,1000,0,1,timeout|unstable_attitude|oscillating_control|late_stage_fail
10246278,unstable_attitude,194.5721385060091,1000,0,1,timeout|unstable_attitude|late_stage_fail
10298635,unstable_attitude,194.58887083995438,1000,0,1,timeout|unstable_attitude|oscillating_control|late_stage_fail
10274514,unstable_attitude,194.7138246013298,1000,0,1,timeout|unstable_attitude|oscillating_control|late_stage_fail
10295907,unstable_attitude,194.7504337642538,1000,0,1,timeout|unstable_attitude|oscillating_control|late_stage_fail
10265684,unstable_attitude,194.89251820210342,1000,0,1,timeout|unstable_attitude|late_stage_fail
10271542,unstable_attitude,194.93490063580563,1000,0,1,timeout|unstable_attitude|oscillating_control|late_stage_fail
10301593,unstable_attitude,194.94773663289627,1000,0,1,timeout|unstable_attitude|oscillating_control|late_stage_fail
10285622,unstable_attitude,195.0176197164087,1000,0,1,timeout|unstable_attitude|oscillating_control|late_stage_fail
10272441,unstable_attitude,195.10237920890768,1000,0,1,timeout|unstable_attitude|late_stage_fail
10267591,unstable_attitude,195.20076284754987,1000,0,1,timeout|unstable_attitude|oscillating_control|late_stage_fail
10317804,unstable_attitude,195.3489038616942,1000,0,1,timeout|unstable_attitude|oscillating_control|late_stage_fail
10242645,unstable_attitude,195.3810556259957,1000,0,1,timeout|unstable_attitude|late_stage_fail
10277910,unstable_attitude,195.3903344014169,1000,0,1,timeout|unstable_attitude|late_stage_fail
10289329,unstable_attitude,195.40061570611334,1000,0,1,timeout|unstable_attitude|late_stage_fail
10268021,unstable_attitude,195.48713132996107,1000,0,1,timeout|unstable_attitude|oscillating_control|late_stage_fail
10321598,unstable_attitude,195.51518098422991,1000,0,1,timeout|unstable_attitude|oscillating_control|late_stage_fail
10271788,unstable_attitude,195.52318682026828,1000,0,1,timeout|unstable_attitude|late_stage_fail
10326323,unstable_attitude,195.5996712388128,1000,0,1,timeout|unstable_attitude|late_stage_fail
10285645,unstable_attitude,195.67560474212712,1000,0,1,timeout|unstable_attitude|late_stage_fail
10276121,unstable_attitude,195.82201409895734,1000,0,1,timeout|unstable_attitude|oscillating_control|late_stage_fail
10331753,unstable_attitude,195.84683429714727,1000,0,1,timeout|unstable_attitude|oscillating_control|late_stage_fail
10273584,unstable_attitude,195.97367446253588,1000,0,1,timeout|unstable_attitude|late_stage_fail
10256000,unstable_attitude,196.07178380361836,1000,0,1,timeout|unstable_attitude|late_stage_fail
10264437,unstable_attitude,196.14080791459088,1000,0,1,timeout|unstable_attitude|late_stage_fail
10259188,unstable_attitude,196.18779945737393,1000,0,1,timeout|unstable_attitude|oscillating_control|late_stage_fail
10328391,unstable_attitude,196.242155858156,1000,0,1,timeout|unstable_attitude|late_stage_fail
10309044,unstable_attitude,196.24470488955194,1000,0,1,timeout|unstable_attitude|oscillating_control|late_stage_fail
10244710,unstable_attitude,196.41552939117912,1000,0,1,timeout|unstable_attitude|oscillating_control|late_stage_fail
10325590,unstable_attitude,196.4475139673445,1000,0,1,timeout|unstable_attitude|oscillating_control|late_stage_fail
10257498,unstable_attitude,196.4894748441972,1000,0,1,timeout|unstable_attitude|oscillating_control|late_stage_fail
10336352,unstable_attitude,196.49250928789635,1000,0,1,timeout|unstable_attitude|oscillating_control|late_stage_fail
10249393,unstable_attitude,196.66913002994266,1000,0,1,timeout|unstable_attitude|oscillating_control|late_stage_fail
10266738,unstable_attitude,196.819876104619,1000,0,1,timeout|unstable_attitude|oscillating_control|late_stage_fail
10297398,unstable_attitude,196.9184737846202,1000,0,1,timeout|unstable_attitude|oscillating_control|late_stage_fail
10301766,unstable_attitude,196.93728613468528,1000,0,1,timeout|unstable_attitude|oscillating_control|late_stage_fail
10339585,unstable_attitude,196.9935310279671,1000,0,1,timeout|unstable_attitude|oscillating_control|late_stage_fail
10319932,unstable_attitude,197.03420537881073,1000,0,1,timeout|unstable_attitude|oscillating_control|late_stage_fail
10280364,unstable_attitude,197.11966501046822,1000,0,1,timeout|unstable_attitude|oscillating_control|late_stage_fail
10297143,unstable_attitude,197.18307976601724,1000,0,1,timeout|unstable_attitude|oscillating_control|late_stage_fail
10301599,unstable_attitude,197.3979059563913,1000,0,1,timeout|unstable_attitude|late_stage_fail
10313229,unstable_attitude,197.44815496914435,1000,0,1,timeout|unstable_attitude|oscillating_control|late_stage_fail
10280127,unstable_attitude,197.47352073156216,1000,0,1,timeout|unstable_attitude|oscillating_control|late_stage_fail
10275337,unstable_attitude,197.48881231821017,1000,0,1,timeout|unstable_attitude|oscillating_control|late_stage_fail
10273565,unstable_attitude,197.70068689394137,1000,0,1,timeout|unstable_attitude|oscillating_control|late_stage_fail
10283923,unstable_attitude,197.8246732192117,1000,0,1,timeout|unstable_attitude|oscillating_control|late_stage_fail
10267537,unstable_attitude,197.9187097462812,1000,0,1,timeout|unstable_attitude|oscillating_control|late_stage_fail
10279875,unstable_attitude,198.06818849048858,1000,0,1,timeout|unstable_attitude|oscillating_control|late_stage_fail
10310497,unstable_attitude,198.11886868001542,1000,0,1,timeout|unstable_attitude|late_stage_fail
10299016,unstable_attitude,198.1553609566023,1000,0,1,timeout|unstable_attitude|oscillating_control|late_stage_fail
10254267,unstable_attitude,198.3873993841847,1000,0,1,timeout|unstable_attitude|oscillating_control|late_stage_fail
10254793,unstable_attitude,198.44636176612528,1000,0,1,timeout|unstable_attitude|oscillating_control|late_stage_fail
10247460,unstable_attitude,198.6398837830419,1000,0,1,timeout|unstable_attitude|late_stage_fail
10261462,unstable_attitude,198.7628421866385,1000,0,1,timeout|unstable_attitude|oscillating_control|late_stage_fail
10326749,unstable_attitude,198.85207520900406,1000,0,1,timeout|unstable_attitude|late_stage_fail
10273910,unstable_attitude,198.8789273096491,1000,0,1,timeout|unstable_attitude|oscillating_control|late_stage_fail
10244275,unstable_attitude,198.88801257739078,1000,0,1,timeout|unstable_attitude|oscillating_control|late_stage_fail
10250960,unstable_attitude,198.90266743163048,1000,0,1,timeout|unstable_attitude|oscillating_control|late_stage_fail
10273888,unstable_attitude,198.9135999514349,1000,0,1,timeout|unstable_attitude|oscillating_control|late_stage_fail
10315295,unstable_attitude,199.32140798661123,1000,0,1,timeout|unstable_attitude|oscillating_control|late_stage_fail
10263894,unstable_attitude,199.53600873525903,1000,0,1,timeout|unstable_attitude|oscillating_control|late_stage_fail
10338912,unstable_attitude,199.72598646096677,1000,0,1,timeout|unstable_attitude|oscillating_control|late_stage_fail
10277688,unstable_attitude,199.9263169788708,1000,0,1,timeout|unstable_attitude|oscillating_control|late_stage_fail
10327158,unstable_attitude,199.94985018049564,1000,0,1,timeout|unstable_attitude|oscillating_control|late_stage_fail
10340278,unstable_attitude,200.01108347497635,1000,0,1,timeout|unstable_attitude|late_stage_fail
10321789,unstable_attitude,200.10487637238782,1000,0,1,timeout|unstable_attitude|oscillating_control|late_stage_fail
10301264,unstable_attitude,200.16517277604277,1000,0,1,timeout|unstable_attitude|oscillating_control|late_stage_fail
10298903,unstable_attitude,200.58226529479705,1000,0,1,timeout|unstable_attitude|oscillating_control|late_stage_fail
10337692,unstable_attitude,200.83181407531427,1000,0,1,timeout|unstable_attitude|oscillating_control|late_stage_fail
10325746,unstable_attitude,200.90318787184927,1000,0,1,timeout|unstable_attitude|oscillating_control|late_stage_fail
10316883,unstable_attitude,201.02482537901696,1000,0,1,timeout|unstable_attitude|late_stage_fail
10263606,unstable_attitude,201.09241660044557,1000,0,1,timeout|unstable_attitude|oscillating_control|late_stage_fail
10288912,unstable_attitude,201.11229084561035,1000,0,1,timeout|unstable_attitude|oscillating_control|late_stage_fail
10247719,unstable_attitude,201.18797539068015,1000,0,1,timeout|unstable_attitude|oscillating_control|late_stage_fail
10258974,unstable_attitude,201.30769413055134,1000,0,1,timeout|unstable_attitude|late_stage_fail
10254355,unstable_attitude,201.58711415913442,1000,0,1,timeout|unstable_attitude|oscillating_control|late_stage_fail
10304654,unstable_attitude,201.65869083693832,1000,0,1,timeout|unstable_attitude|oscillating_control|late_stage_fail
10306929,unstable_attitude,201.98740728533113,1000,0,1,timeout|unstable_attitude|oscillating_control|late_stage_fail
10315413,unstable_attitude,201.98744890484042,1000,0,1,timeout|unstable_attitude|oscillating_control|late_stage_fail
10300648,unstable_attitude,202.4721078762756,1000,0,1,timeout|unstable_attitude|late_stage_fail
10262427,unstable_attitude,202.58424774346696,1000,0,1,timeout|unstable_attitude|oscillating_control|late_stage_fail
10307944,unstable_attitude,202.943568448699,1000,0,1,timeout|unstable_attitude|oscillating_control|late_stage_fail
10338831,unstable_attitude,202.96774405752458,1000,0,1,timeout|unstable_attitude|oscillating_control|late_stage_fail
10286078,unstable_attitude,203.9423067062296,1000,0,1,timeout|unstable_attitude|oscillating_control|late_stage_fail
10291523,unstable_attitude,204.09073278760306,1000,0,1,timeout|unstable_attitude|oscillating_control|late_stage_fail
10271029,unstable_attitude,204.22594773823982,1000,0,1,timeout|unstable_attitude|late_stage_fail
10259505,unstable_attitude,205.2738332435507,1000,0,1,timeout|unstable_attitude|oscillating_control|late_stage_fail
10255071,unstable_attitude,206.4856791645988,1000,0,1,timeout|unstable_attitude|late_stage_fail
10280247,unstable_attitude,207.87589247465016,1000,0,1,timeout|unstable_attitude|late_stage_fail
10328755,unstable_attitude,207.9978932353542,1000,0,1,timeout|unstable_attitude|oscillating_control|late_stage_fail
10253259,unstable_attitude,209.65363290372153,1000,0,1,timeout|unstable_attitude|oscillating_control|late_stage_fail
